"sample_id"	"condition"	"run_accession"	"mate"	"file_name"	"expected_bytes"	"url"
"SRR1502799"	"LGD"	"SRR1502799"	"1"	"SRR1502799_1.fastq.gz"	"1821547949"	"https://ftp.sra.ebi.ac.uk/vol1/fastq/SRR150/009/SRR1502799/SRR1502799_1.fastq.gz"
"SRR1502799"	"LGD"	"SRR1502799"	"2"	"SRR1502799_2.fastq.gz"	"1889498552"	"https://ftp.sra.ebi.ac.uk/vol1/fastq/SRR150/009/SRR1502799/SRR1502799_2.fastq.gz"
"SRR1502800"	"LGD"	"SRR1502800"	"1"	"SRR1502800_1.fastq.gz"	"1220983198"	"https://ftp.sra.ebi.ac.uk/vol1/fastq/SRR150/000/SRR1502800/SRR1502800_1.fastq.gz"
"SRR1502800"	"LGD"	"SRR1502800"	"2"	"SRR1502800_2.fastq.gz"	"1302819569"	"https://ftp.sra.ebi.ac.uk/vol1/fastq/SRR150/000/SRR1502800/SRR1502800_2.fastq.gz"
"SRR1502801"	"LGD"	"SRR1502801"	"1"	"SRR1502801_1.fastq.gz"	"1021673480"	"https://ftp.sra.ebi.ac.uk/vol1/fastq/SRR150/001/SRR1502801/SRR1502801_1.fastq.gz"
"SRR1502801"	"LGD"	"SRR1502801"	"2"	"SRR1502801_2.fastq.gz"	"1129446610"	"https://ftp.sra.ebi.ac.uk/vol1/fastq/SRR150/001/SRR1502801/SRR1502801_2.fastq.gz"
"SRR1502802"	"LGD"	"SRR1502802"	"1"	"SRR1502802_1.fastq.gz"	"1755351080"	"https://ftp.sra.ebi.ac.uk/vol1/fastq/SRR150/002/SRR1502802/SRR1502802_1.fastq.gz"
"SRR1502802"	"LGD"	"SRR1502802"	"2"	"SRR1502802_2.fastq.gz"	"1824860555"	"https://ftp.sra.ebi.ac.uk/vol1/fastq/SRR150/002/SRR1502802/SRR1502802_2.fastq.gz"
"SRR1502803"	"LGD"	"SRR1502803"	"1"	"SRR1502803_1.fastq.gz"	"1518461560"	"https://ftp.sra.ebi.ac.uk/vol1/fastq/SRR150/003/SRR1502803/SRR1502803_1.fastq.gz"
"SRR1502803"	"LGD"	"SRR1502803"	"2"	"SRR1502803_2.fastq.gz"	"1597412314"	"https://ftp.sra.ebi.ac.uk/vol1/fastq/SRR150/003/SRR1502803/SRR1502803_2.fastq.gz"
"SRR1502804"	"LGD"	"SRR1502804"	"1"	"SRR1502804_1.fastq.gz"	"1370067957"	"https://ftp.sra.ebi.ac.uk/vol1/fastq/SRR150/004/SRR1502804/SRR1502804_1.fastq.gz"
"SRR1502804"	"LGD"	"SRR1502804"	"2"	"SRR1502804_2.fastq.gz"	"1501268246"	"https://ftp.sra.ebi.ac.uk/vol1/fastq/SRR150/004/SRR1502804/SRR1502804_2.fastq.gz"
"SRR1502805"	"LGD"	"SRR1502805"	"1"	"SRR1502805_1.fastq.gz"	"1580440076"	"https://ftp.sra.ebi.ac.uk/vol1/fastq/SRR150/005/SRR1502805/SRR1502805_1.fastq.gz"
"SRR1502805"	"LGD"	"SRR1502805"	"2"	"SRR1502805_2.fastq.gz"	"1623771506"	"https://ftp.sra.ebi.ac.uk/vol1/fastq/SRR150/005/SRR1502805/SRR1502805_2.fastq.gz"
"SRR1502806"	"SIM"	"SRR1502806"	"1"	"SRR1502806_1.fastq.gz"	"1445630077"	"https://ftp.sra.ebi.ac.uk/vol1/fastq/SRR150/006/SRR1502806/SRR1502806_1.fastq.gz"
"SRR1502806"	"SIM"	"SRR1502806"	"2"	"SRR1502806_2.fastq.gz"	"1572444693"	"https://ftp.sra.ebi.ac.uk/vol1/fastq/SRR150/006/SRR1502806/SRR1502806_2.fastq.gz"
"SRR1502807"	"SIM"	"SRR1502807"	"1"	"SRR1502807_1.fastq.gz"	"1487136562"	"https://ftp.sra.ebi.ac.uk/vol1/fastq/SRR150/007/SRR1502807/SRR1502807_1.fastq.gz"
"SRR1502807"	"SIM"	"SRR1502807"	"2"	"SRR1502807_2.fastq.gz"	"1560093348"	"https://ftp.sra.ebi.ac.uk/vol1/fastq/SRR150/007/SRR1502807/SRR1502807_2.fastq.gz"
"SRR1502808"	"SIM"	"SRR1502808"	"1"	"SRR1502808_1.fastq.gz"	"1376150195"	"https://ftp.sra.ebi.ac.uk/vol1/fastq/SRR150/008/SRR1502808/SRR1502808_1.fastq.gz"
"SRR1502808"	"SIM"	"SRR1502808"	"2"	"SRR1502808_2.fastq.gz"	"1458577323"	"https://ftp.sra.ebi.ac.uk/vol1/fastq/SRR150/008/SRR1502808/SRR1502808_2.fastq.gz"
"SRR1502809"	"SIM"	"SRR1502809"	"1"	"SRR1502809_1.fastq.gz"	"1061434111"	"https://ftp.sra.ebi.ac.uk/vol1/fastq/SRR150/009/SRR1502809/SRR1502809_1.fastq.gz"
"SRR1502809"	"SIM"	"SRR1502809"	"2"	"SRR1502809_2.fastq.gz"	"1180740965"	"https://ftp.sra.ebi.ac.uk/vol1/fastq/SRR150/009/SRR1502809/SRR1502809_2.fastq.gz"
"SRR1502810"	"SIM"	"SRR1502810"	"1"	"SRR1502810_1.fastq.gz"	"1325446996"	"https://ftp.sra.ebi.ac.uk/vol1/fastq/SRR150/000/SRR1502810/SRR1502810_1.fastq.gz"
"SRR1502810"	"SIM"	"SRR1502810"	"2"	"SRR1502810_2.fastq.gz"	"1451464978"	"https://ftp.sra.ebi.ac.uk/vol1/fastq/SRR150/000/SRR1502810/SRR1502810_2.fastq.gz"
"SRR1502811"	"SIM"	"SRR1502811"	"1"	"SRR1502811_1.fastq.gz"	"1681614251"	"https://ftp.sra.ebi.ac.uk/vol1/fastq/SRR150/001/SRR1502811/SRR1502811_1.fastq.gz"
"SRR1502811"	"SIM"	"SRR1502811"	"2"	"SRR1502811_2.fastq.gz"	"1747175996"	"https://ftp.sra.ebi.ac.uk/vol1/fastq/SRR150/001/SRR1502811/SRR1502811_2.fastq.gz"
"SRR1502812"	"SIM"	"SRR1502812"	"1"	"SRR1502812_1.fastq.gz"	"1460475652"	"https://ftp.sra.ebi.ac.uk/vol1/fastq/SRR150/002/SRR1502812/SRR1502812_1.fastq.gz"
"SRR1502812"	"SIM"	"SRR1502812"	"2"	"SRR1502812_2.fastq.gz"	"1578736578"	"https://ftp.sra.ebi.ac.uk/vol1/fastq/SRR150/002/SRR1502812/SRR1502812_2.fastq.gz"
