"ID","Description","GeneRatio","BgRatio","RichFactor","FoldEnrichment","zScore","pvalue","p.adjust","qvalue","geneID","Count"
"GO:0060537","muscle tissue development","12/118","447/18986",0.0268456375838926,4.31941758616767,5.616372063996,2.24173171706446e-05,0.0386702131837841,0.0349989287792798,"SLC9A1/MYLK/TBX18/HEY2/MEOX2/ZFPM2/COL14A1/IGF2/ABCC9/GREM1/MYH11/JPH2",12
"GO:0014706","striated muscle tissue development","11/118","424/18986",0.0259433962264151,4.17424848097218,5.2275095532755,6.80011023979419e-05,0.0386702131837841,0.0349989287792798,"SLC9A1/TBX18/HEY2/MEOX2/ZFPM2/COL14A1/IGF2/ABCC9/GREM1/MYH11/JPH2",11
"GO:0030514","negative regulation of BMP signaling pathway","5/118","74/18986",0.0675675675675676,10.8715071003207,6.72843347914852,9.74384721484413e-05,0.0386702131837841,0.0349989287792798,"SFRP2/SOSTDC1/CHRDL1/SFRP1/GREM1",5
"GO:0030510","regulation of BMP signaling pathway","6/118","124/18986",0.0483870967741935,7.78540185893931,5.99481680890568,0.000124721547729598,0.0386702131837841,0.0349989287792798,"SFRP2/SOSTDC1/CHRDL1/SULF1/SFRP1/GREM1",6
"GO:0051146","striated muscle cell differentiation","9/118","314/18986",0.0286624203821656,4.61173485911692,5.10350607568754,0.000152391394054814,0.0386702131837841,0.0349989287792798,"SLC9A1/TBX18/HEY2/COL14A1/IGF2/LDB3/AVPR1A/GREM1/MYH11",9
"GO:0055007","cardiac muscle cell differentiation","6/118","131/18986",0.0458015267175573,7.36938801914866,5.78500124431947,0.000168515766522578,0.0386702131837841,0.0349989287792798,"SLC9A1/TBX18/HEY2/COL14A1/GREM1/MYH11",6
"GO:0045444","fat cell differentiation","8/118","251/18986",0.0318725099601594,5.12823283138632,5.20664018621602,0.000174679661917828,0.0386702131837841,0.0349989287792798,"PLAC8/SFRP2/STEAP4/EBF2/ZFPM2/SFRP1/RUNX1T1/ZBTB16",8
"GO:0048738","cardiac muscle tissue development","8/118","252/18986",0.0317460317460317,5.10788270110304,5.19142300211074,0.000179483268585747,0.0386702131837841,0.0349989287792798,"SLC9A1/TBX18/HEY2/ZFPM2/COL14A1/GREM1/MYH11/JPH2",8
"GO:1903428","positive regulation of reactive oxygen species biosynthetic process","3/118","19/18986",0.157894736842105,25.4049955396967,8.41665608253603,0.000210880745029125,0.0386702131837841,0.0349989287792798,"DUOXA2/DUOXA1/RAB27A",3
"GO:0090288","negative regulation of cellular response to growth factor stimulus","6/118","139/18986",0.0431654676258993,6.94525057919766,5.56339401984095,0.000232584311551569,0.0386702131837841,0.0349989287792798,"SFRP2/SOSTDC1/CHRDL1/SULF1/SFRP1/GREM1",6
"GO:0001558","regulation of cell growth","10/118","408/18986",0.0245098039215686,3.94358590893985,4.75325034236423,0.000232975960797386,0.0386702131837841,0.0349989287792798,"SLC9A1/SFRP2/SPOCK1/CDKN1A/SFRP1/COL14A1/KAZALD1/AVPR1A/RERG/GREM1",10
"GO:0030198","extracellular matrix organization","9/118","339/18986",0.0265486725663717,4.27163641817909,4.80666403829113,0.00026921417136024,0.0386702131837841,0.0349989287792798,"FAP/COL8A1/CCDC80/SFRP2/SULF1/COL14A1/KAZALD1/GREM1/MYH11",9
"GO:0043062","extracellular structure organization","9/118","340/18986",0.0264705882352941,4.25907278165503,4.79539127128915,0.000275111244503505,0.0386702131837841,0.0349989287792798,"FAP/COL8A1/CCDC80/SFRP2/SULF1/COL14A1/KAZALD1/GREM1/MYH11",9
"GO:0045229","external encapsulating structure organization","9/118","341/18986",0.0263929618768328,4.24658283214872,4.78416174491133,0.000281115112262099,0.0386702131837841,0.0349989287792798,"FAP/COL8A1/CCDC80/SFRP2/SULF1/COL14A1/KAZALD1/GREM1/MYH11",9
"GO:0060485","mesenchyme development","9/118","341/18986",0.0263929618768328,4.24658283214872,4.78416174491133,0.000281115112262099,0.0386702131837841,0.0349989287792798,"MARK1/ACTG2/SFRP2/HEY2/ZFPM2/SFRP1/BNC2/ACTA2/GREM1",9
"GO:0090101","negative regulation of transmembrane receptor protein serine/threonine kinase signaling pathway","7/118","205/18986",0.0341463414634146,5.49408846630839,5.11614167153284,0.000296039909540931,0.0386702131837841,0.0349989287792798,"SFRP2/CD109/PEG10/SOSTDC1/CHRDL1/SFRP1/GREM1",7
"GO:0006590","thyroid hormone generation","3/118","23/18986",0.130434782608696,20.9867354458364,7.58465149068679,0.000378492777820803,0.0465323473909105,0.042114645309225,"DIO2/DUOXA2/DUOXA1",3
