"baseMean","log2FoldChange","lfcSE","stat","pvalue","padj","gene_id"
4856.1371577443,1.3189143388303,0.370752927722396,3.55739426505041,0.000374551785258451,0.0442313833728738,"ENSG00000090020"
369.32624489958,1.63639744809476,0.40594172426193,4.03111419765978,5.55130613098245e-05,0.0146083447555314,"ENSG00000187608"
70.1181694157363,3.78830063256607,0.785537637259972,4.82255776537967,1.41728965763296e-06,0.00213819743835679,"ENSG00000137968"
367.330982009147,1.40926287484513,0.29090800290007,4.84435925033397,1.27020923381774e-06,0.00213819743835679,"ENSG00000171227"
1192.95257349574,1.41587182552581,0.379764106298778,3.72829291142086,0.000192781232454069,0.0308245248493816,"ENSG00000156966"
154.796620716357,2.07713786293702,0.540052800146984,3.8461755264887,0.000119975830036249,0.023562209751032,"ENSG00000115009"
13229.6887129554,7.31297686150893,1.9140972565648,3.82058792280671,0.000133133932989778,0.0250569156381177,"ENSG00000183607"
52992.7950500923,8.0570410354054,2.13586020632071,3.77226983842948,0.000161769168537784,0.0275740126145347,"ENSG00000169605"
236.883188273476,1.8417947386365,0.496492795200671,3.709610202686,0.000207578589772691,0.032899385614149,"ENSG00000241755"
350.006179956333,2.13538592658236,0.593971132375879,3.59510051951656,0.000324266350548089,0.0424673363906519,"ENSG00000240382"
288.22518896898,1.68074844880306,0.461408719802726,3.64264561259628,0.000269850236706243,0.0383909769827433,"ENSG00000243238"
29.5185822211844,2.46788212792975,0.643138106457818,3.83725066692439,0.000124419454762393,0.0239150075387969,"ENSG00000179921"
351.979756957458,1.80416391451121,0.500385605630034,3.60554719043045,0.000311495877090908,0.0424673363906519,"ENSG00000114771"
255.722644370518,1.53609827724612,0.391845696526377,3.92016115237013,8.84897759139444e-05,0.0194835453904082,"ENSG00000151012"
2702.80778499084,1.21715816646404,0.288535765021875,4.21839617134383,2.46046225957686e-05,0.00900391587743535,"ENSG00000145287"
1358.1952396182,1.14492788641938,0.284278672667728,4.02748428390755,5.63768345423616e-05,0.0146083447555314,"ENSG00000125347"
141.962650547883,1.39261432524945,0.289755142806846,4.80617638658371,1.53844181418188e-06,0.00213819743835679,"ENSG00000010030"
396.743678400594,1.28231769191803,0.285119792568095,4.49746992437144,6.8766884864358e-06,0.00464085625790932,"ENSG00000137267"
2358.34629008053,1.11867335852013,0.316612940734204,3.53325216564428,0.000410480746587336,0.0465153053411675,"ENSG00000124762"
296.978463466333,2.19970680496085,0.586939256469665,3.74775887063968,0.000178421653918038,0.0295665404730436,"ENSG00000135549"
397.186427648071,1.88845461611077,0.445101727203985,4.24274834423484,2.20798987699374e-05,0.00883752057878721,"ENSG00000171243"
742.018572975225,1.02486630523295,0.276812856260009,3.70237971992999,0.000213586627202056,0.0335263349425486,"ENSG00000102096"
927.909745209714,1.31770624051891,0.374879852361866,3.51500949495399,0.000439738265731578,0.0478625962966154,"ENSG00000253958"
1149.78750176676,1.12135810164249,0.310356464356401,3.61312951533937,0.000302523497417037,0.0418911659265105,"ENSG00000160325"
27.1947295914988,3.54465960260559,0.949744393748523,3.73222482379208,0.00018979598527079,0.0308245248493816,"ENSG00000228278"
29.4939478400095,2.96351120562625,0.829158656968499,3.57411839184215,0.000351409910398669,0.0437429015319797,"ENSG00000179292"
145.807020221703,25.2837033539444,2.98675920634573,8.4652633865583,2.55574465512945e-17,4.61771944288789e-13,"ENSG00000229183"
154.374496054098,1.22368000398585,0.297909173682647,4.10756066642446,3.99859770076815e-05,0.0120123213710348,"ENSG00000255774"
4544.22885862858,1.65204351328059,0.412781662237384,4.0022211847447,6.27505941279173e-05,0.0155312018452494,"ENSG00000019102"
256.82942331849,1.44994960378343,0.376346709680264,3.85269637408356,0.000116824217597482,0.0231953842148495,"ENSG00000107821"
927.827585302769,1.30550780198061,0.282661373653027,4.61862823741582,3.86285222313362e-06,0.00317245518034447,"ENSG00000204175"
161.372088304628,1.80943347874506,0.416314004851591,4.3463190228013,1.38441175073206e-05,0.00676041932762886,"ENSG00000172602"
112.647652157661,2.43720061771776,0.520595362637335,4.68156421019755,2.84694193352732e-06,0.00270729193973535,"ENSG00000224511"
752.987175772782,1.4732529061564,0.324675512283253,4.53761632897989,5.68936478450642e-06,0.00411181771705848,"ENSG00000139874"
75.7401974207709,2.47349893955409,0.583341269472749,4.2402262089047,2.23294645295007e-05,0.00883752057878721,"ENSG00000232216"
343.227706628314,2.14768125137172,0.445581982933342,4.81994634799453,1.43596834129039e-06,0.00213819743835679,"ENSG00000211962"
229.556608399897,1.83442928162024,0.435157504239793,4.21555244652148,2.49167475023117e-05,0.00900391587743535,"ENSG00000137825"
178.830727330103,1.87860052046118,0.389596370870953,4.82191483524735,1.42186654384709e-06,0.00213819743835679,"ENSG00000062524"
645.589684507862,3.38687245042067,0.807021357153896,4.19675690165757,2.70764293156415e-05,0.00940801778605791,"ENSG00000140274"
48.1614574256878,2.71234565484999,0.65239669855704,4.1575097802443,3.21735505674286e-05,0.01034251132756,"ENSG00000140254"
1899.44244408493,1.0878123196643,0.299344381962914,3.63398274766711,0.000279079531529053,0.0393938201223979,"ENSG00000069974"
501.842660685842,1.08170910405086,0.307559642456321,3.51707101559815,0.000436337024995993,0.0478625962966154,"ENSG00000035664"
202.441344086805,2.17448832830864,0.589606753065319,3.68803158546548,0.000225995602130042,0.0343133490696269,"ENSG00000205364"
138.216239455739,1.06179919547531,0.246701816638619,4.30397801663005,1.67758317061633e-05,0.00757764318167396,"ENSG00000158792"
255.254810623788,2.59532376745999,0.682024191268043,3.80532509064623,0.000141618062266197,0.0254002015450842,"ENSG00000171916"
772.219182720248,1.75043044311272,0.486986576899644,3.59441209705753,0.000325124888075846,0.0424673363906519,"ENSG00000141574"
217.374167369682,1.43560150544172,0.32104273807777,4.47168347129521,7.76062375137998e-06,0.00467396499799778,"ENSG00000167105"
2068.82093819751,1.04676289213412,0.289070977207248,3.62112759380771,0.000293321800038132,0.0410832425045656,"ENSG00000125775"
445.261956500493,1.50175689266208,0.372624325532559,4.03021700345449,5.57253833522084e-05,0.0146083447555314,"ENSG00000011422"
647.345061333998,1.22134001784527,0.293993949979783,4.15430323627155,3.26280244449259e-05,0.01034251132756,"ENSG00000167617"
205.952487904626,1.60872662459534,0.385241695303468,4.17588917349171,2.96824314875324e-05,0.0099471814368628,"ENSG00000128203"
4894.22992435679,1.78687511257586,0.477067108785218,3.74554246073656,0.000180004397389572,0.0295665404730436,"ENSG00000100342"
